"tc_name","email","password","expected_status","should_succeed","should_store_token","expected_user_id","expected_email","expected_full_name","expected_error_contains"
"Login thanh cong - student","testT@12example.com","MMpassword#123","200","true","true","u3","student@example.com","Student User",""
"Sai mat khau","testT@12example.com","MMpassword#12345","401","false","false","","","","sai mat khau"
"Email khong ton tai","notTfound@example.com","MMpassword#123","404","false","false","","","","email khong ton tai"
"Email rong","","MMpassword#123","400","false","false","","","","email khong duoc de trong"
"Mat khau rong","testT@12example.com","","400","false","false","","","","mat khau khong duoc de trong"
"Ca email va mat khau rong","","","400","false","false","","","","ca email va mat khau khong duoc de trong"
"Email sai dinh dang","abc","MMpassword#123","400","false","false","","","","email sai dinh dang"
"Mat khau qua ngan","testT@12example.com","123","400","false","false","","","","mat khau qua ngan"
"Email co khoang trang dau cuoi"," testT@12example.com ","MMpassword#123","400","false","false","","","","email khong duoc co khoang trang o dau hoac cuoi"
